domain,query,clicks,impressions
plantingcalendar.net,zone 8b planting schedule 2026,1,2
plantingcalendar.net,last frost date zone 8a,0,44
plantingcalendar.net,garlic forecasts,0,32
plantingcalendar.net,zucchini81780,0,23
plantingcalendar.net,spinach81423,0,19
plantingcalendar.net,vegetables forecasts,0,18
plantingcalendar.net,kale80417,0,17
plantingcalendar.net,spinach71314,0,17
plantingcalendar.net,when to plant carrots,0,16
plantingcalendar.net,lettuce44674,0,16
babypercent.com,baby percentile calculator,0,45
babypercent.com,baby growth calculator,0,19
babypercent.com,22 month baby weight,0,13
babypercent.com,13 month baby weight,0,11
babypercent.com,percentile calculator baby,0,11
babypercent.com,baby weight percentile,0,10
babypercent.com,head circumference,0,10
babypercent.com,20 month baby weight,0,9
babypercent.com,baby percentage calculator,0,9
babypercent.com,baby weight percentile calculator,0,9
iworkviewer.com,pages online viewer,5,21
iworkviewer.com,numbers viewer,1,11
iworkviewer.com,keynote viewer,1,9
iworkviewer.com,view pages file online,1,7
iworkviewer.com,keynote online viewer,1,6
iworkviewer.com,how to open numbers file on android,1,5
iworkviewer.com,how to open key file in android,1,5
iworkviewer.com,pages open online,1,4
iworkviewer.com,view keynote online,1,2
iworkviewer.com,numbers file opener,1,1
livephotokit.com,livephotokit,2,4
livephotokit.com,livp to jpg,1,46
livephotokit.com,heic live photo,1,11
livephotokit.com,livp,0,93
livephotokit.com,livp file,0,23
livephotokit.com,livp format,0,19
livephotokit.com,heic to live photo,0,9
livephotokit.com,livp to jpg converter,0,7
livephotokit.com,live photo file type,0,6
livephotokit.com,live photo file format,0,3
invoicepad.net,seo service invoice template,0,29
invoicepad.net,web development invoice,0,24
invoicepad.net,freelance copywriter invoice,0,20
invoicepad.net,free estimate maker,0,20
invoicepad.net,handyman invoice template,0,16
invoicepad.net,freelance writing invoice template,0,13
invoicepad.net,freelance writer invoice template,0,12
invoicepad.net,"""clockify""",0,9
invoicepad.net,sample invoice freelance writer,0,9
invoicepad.net,handyman invoice,0,9
zoneplan.net,zoneplan,1,11
zoneplan.net,global meeting planner,0,43
zoneplan.net,world clock meeting planner,0,39
zoneplan.net,international meeting planner,0,38
zoneplan.net,world meeting planning,0,31
zoneplan.net,meeting planner,0,31
zoneplan.net,meeting planner time and date,0,29
zoneplan.net,international meeting schedule,0,25
zoneplan.net,meeting time planner,0,22
zoneplan.net,time zone meeting planner,0,22
freetdee.com,tdee calculator free,0,16
freetdee.com,tdee calculator bodybuilding,0,11
freetdee.com,tdee calculator 2026,0,8
freetdee.com,freedieting,0,8
freetdee.com,tdee macro calculator,0,6
freetdee.com,free tdee calculator,0,5
freetdee.com,tdee calculator to lose weight free,0,3
freetdee.com,calorie deficit calculator uk,0,3
freetdee.com,tdee.com,0,2
freetdee.com,tdee calculator free online,0,2
pupvax.com,dog deworming schedule,0,11
pupvax.com,deworming schedule for dogs,0,7
pupvax.com,dog deworming schedule chart,0,6
pupvax.com,puppy worming schedule,0,4
pupvax.com,deworming vaccine for dogs,0,3
pupvax.com,dog deworm schedule,0,3
pupvax.com,puppy dewormer schedule,0,3
pupvax.com,dog dewormer schedule,0,2
pupvax.com,dhpp puppy vaccine schedule,0,1
pupvax.com,puppy deworming schedule,0,1
